,College Name,Total Enrollment,State,State abbreviation,Graduation Rate,Percent of Applications Accepted,In-state Tuition,In-state Total,Out-of-state Tuition,Out-of-state Total,Room and Board,Avg Book Costs,Avg Personal Costs,Female Students,American Indian / Alaska Native Students,Asian Students,Black Students,Hispanic Students,Native Hawaiian / Pacific Islander Students,White Students,Multi-racial Students,Foreign Exchange Students,Total Minority,# of Applications,Full-time Undergrads,Part-time Undergrads,Percent of Faculty with PhD,Student:Faculty Ratio,Avg Instructional Expenditure per Student,Avg Early Career Pay,Avg Mid Career Pay,Percent STEM Majors,College Type,Degree Length
0,University of Central Florida,60767,Florida,FL,46,42.0,6368,15985,22467,32084,9617.0,700,1600,33482,120,3343,6400,13108,129,33293,1841,1515,24941,6986,12330,7152,80,22.2,6742,49700,88600,16,Public,4 Year
1,Michigan State University,50081,Michigan,MI,71,83.0,14460,24782,39765,50087,10322.0,504,600,25767,127,2214,3196,1878,46,33115,1217,7642,8678,18114,26640,4120,93,14.0,10520,55300,100800,20,Public,4 Year
2,Florida International University,49610,Florida,FL,66,63.0,6558,17440,18956,29838,10882.0,800,3028,27757,42,1434,5977,31211,57,5683,1042,3619,39763,3306,10208,9310,81,13.9,6722,49600,90100,16,Public,4 Year
3,University of Florida,49459,Florida,FL,66,71.0,6381,16501,28658,38778,10120.0,630,1530,26820,137,3501,3151,8127,240,27317,1108,4295,16264,12445,24470,3286,88,13.4,14737,55800,102800,29,Public,4 Year
4,New York University,49274,New York,NY,71,53.0,51828,69984,51828,69984,18156.0,450,1000,27153,94,7314,2374,4267,45,17326,1248,11495,15342,13594,12408,2814,87,7.8,21227,63100,117700,18,Private,4 Year
5,University of Southern California,42453,California,CA,68,69.0,56225,71620,56225,71620,15395.0,600,2210,22112,73,7696,2238,5286,104,13922,1380,9709,16777,12229,13259,1429,90,11.4,17007,64500,120600,23,Private,4 Year
6,Florida State University,41226,Florida,FL,58,75.0,6516,17332,21683,32499,10816.0,600,1020,22645,116,1029,3377,6594,59,26466,1063,1875,12238,11651,18906,3242,80,23.1,7250,50800,92700,18,Public,4 Year
7,University of Georgia,35197,Georgia,GA,63,70.0,11830,21868,30404,40442,10038.0,525,1755,20276,37,2859,2805,1637,37,24567,1052,1739,8427,11220,19553,2748,88,14.7,7881,54400,100700,14,Public,4 Year
8,Iowa State University,34435,Iowa,IA,65,88.0,8988,17708,23392,32112,8720.0,640,2055,15145,80,940,891,1451,31,24843,672,3980,4065,8427,18676,1715,81,19.2,8420,56100,101300,31,Public,4 Year
9,George Mason University,33729,Virginia,VA,46,77.0,12462,23922,35922,47382,11460.0,580,1050,18123,72,5001,3153,3420,122,16371,1209,2136,12977,5653,9528,3822,93,19.3,6751,58900,105700,23,Public,4 Year
10,Georgia State University,32556,Georgia,GA,34,62.0,10858,22236,29432,40810,11378.0,720,3450,19208,62,3386,11875,2651,27,10788,1335,1506,19336,3793,7732,9054,87,19.0,7762,50600,90800,18,Public,4 Year
11,Boston University,32112,Massachusetts,MA,72,64.0,53948,69668,53948,69668,15720.0,475,1025,18765,27,3448,1190,2419,34,14642,868,6412,7986,20192,14971,3113,80,11.9,16836,61400,113600,25,Private,4 Year
12,University of Utah,31515,Utah,UT,37,88.0,9222,19484,29215,39477,10262.0,858,3093,14028,126,1590,401,2718,171,21498,989,2804,5995,5095,13894,8374,89,12.8,9275,54800,102600,22,Public,4 Year
13,Virginia Commonwealth University,30848,Virginia,VA,45,70.0,14490,24918,35138,45566,10428.0,500,3630,17863,84,3615,4798,2002,51,16093,1282,1672,11832,4963,10262,5065,81,8.7,11183,49900,88200,18,Public,4 Year
14,University of North Carolina at Chapel Hill,29135,North Carolina,NC,83,41.0,8987,20177,35170,46360,11190.0,550,1200,16481,133,2410,2304,1895,70,18549,1326,1602,8138,14596,14609,1100,88,8.9,15893,55000,100800,19,Public,4 Year
15,Washington State University,28686,Washington,WA,56,89.0,11581,22979,26365,37763,11398.0,800,2719,14728,169,1497,896,3077,100,18000,1863,1946,7602,6540,14445,1344,84,16.9,10912,55900,103700,20,Public,4 Year
16,University of Illinois at Chicago,27969,Illinois,IL,34,68.0,13764,25838,26980,39054,12074.0,630,3228,15010,29,5229,2194,5435,63,11211,618,2596,13568,8384,13518,2916,82,10.0,13883,56300,103800,31,Public,4 Year
17,Northern Arizona University,27705,Arizona,AZ,41,84.0,11564,21846,25828,36110,10282.0,620,2342,16316,838,468,888,5368,62,17280,1337,1246,8961,5891,11249,2682,78,21.7,6157,49600,90000,12,Public,4 Year
18,East Carolina University,27511,North Carolina,NC,58,69.0,7188,16794,23465,33071,9606.0,500,1700,16451,181,782,4359,1498,26,19058,788,252,7634,9274,13171,1687,74,13.2,9002,48400,85400,11,Public,4 Year
19,University of North Carolina at Charlotte,27238,North Carolina,NC,62,77.0,7044,18144,20478,31578,11100.0,600,1900,13477,81,1343,4410,2000,30,16102,856,1693,8720,5803,10099,3255,79,16.8,6227,52500,92600,25,Public,4 Year
20,University of Kansas,27180,Kansas,KS,57,65.0,11148,21498,27358,37708,10350.0,700,2681,13950,142,1081,1133,1554,22,19137,1096,2436,5028,8579,17880,1673,88,13.7,9657,53000,98600,16,Public,4 Year
21,University of Pennsylvania,24806,Pennsylvania,PA,93,42.0,55584,71200,55584,71200,15616.0,500,1544,13067,21,3717,1483,1799,8,11248,777,4559,7805,12394,9205,531,95,6.3,25765,72800,133900,21,Private,4 Year
22,Kansas State University,24766,Kansas,KS,54,69.0,10263,19943,25767,35447,9680.0,600,2000,12216,94,381,954,1419,36,18549,695,2247,3579,5880,14914,2246,76,18.5,6122,52500,97200,18,Public,4 Year
23,University of Oregon,24096,Oregon,OR,54,78.0,11898,24861,35478,48441,12963.0,570,1530,12597,162,1280,482,2042,99,15039,1328,3135,5393,8631,11669,1605,79,19.7,8020,51800,95800,13,Public,4 Year
24,Western Michigan University,23914,Michigan,MI,55,78.0,12483,22626,15373,25516,10143.0,500,1700,12214,106,388,2634,1117,28,16843,696,1854,4969,9167,15739,4278,80,24.7,5983,50900,92200,16,Public,4 Year
25,University of Delaware,22680,Delaware,DE,75,73.0,13680,26542,34310,47172,12862.0,530,1300,12757,17,1018,1232,1461,21,16007,576,2009,4325,14446,14130,4522,82,18.3,10650,58600,105400,22,Public,4 Year
26,University of Mississippi,22503,Mississippi,MS,53,88.0,8660,19356,24614,35310,10696.0,600,550,12625,64,429,3178,610,23,16882,471,793,4775,3844,7524,804,81,20.3,6971,48500,89100,12,Public,4 Year
27,Clemson University,21857,South Carolina,SC,73,65.0,14970,25802,36724,47556,10832.0,800,1618,10160,41,389,1347,593,14,16876,465,1569,2849,8065,11755,770,82,18.0,7597,57500,106700,39,Public,4 Year
28,University of Louisville,21561,Kentucky,KY,31,64.0,11656,20882,27278,36504,9226.0,530,2440,11118,34,749,2247,813,14,16243,784,617,4641,4777,9844,6198,84,11.1,10207,49500,87600,18,Public,4 Year
29,Northwestern University,21554,Illinois,IL,92,42.0,54567,71193,54567,71193,16626.0,759,1585,10109,22,2865,1058,1662,12,10394,702,3337,6321,12289,7450,45,96,6.8,26385,63400,115400,20,Private,4 Year
30,Johns Hopkins University,21372,Maryland,MD,90,41.0,54240,70076,54240,70076,15836.0,500,1040,11109,35,2919,1419,1498,27,10176,690,3770,6588,8474,3566,1569,96,3.3,56233,67200,117100,31,Private,4 Year
31,James Madison University,20855,Virginia,VA,98,47.0,12016,22108,28416,38508,10092.0,500,732,12428,31,889,863,1043,39,16110,709,495,3574,11223,9652,742,77,17.9,5212,57400,102600,12,Public,4 Year
32,Illinois State University,20615,Illinois,IL,54,77.0,14516,24366,26040,35890,9850.0,537,2605,11549,24,434,1454,1711,18,15968,478,425,4119,8681,15701,1823,77,21.0,5569,51200,95000,10,Public,4 Year
33,Northern Illinois University,20611,Illinois,IL,56,67.0,12262,23142,12262,23142,10880.0,470,1750,10442,30,984,2825,2531,22,12318,569,1090,6961,10706,14826,1979,73,17.3,6086,53000,95500,20,Public,4 Year
34,Oakland University,20519,Michigan,MI,53,85.0,12606,22706,24230,34330,10100.0,400,650,11927,79,955,1601,565,17,15136,492,650,3709,3041,6441,3982,88,19.7,6637,51300,93300,19,Public,4 Year
35,Mississippi State University,20138,Mississippi,MS,53,77.0,8760,18850,23360,33450,10090.0,480,1479,9786,104,263,3871,457,17,14209,273,780,4985,4255,10094,1621,77,15.9,6223,51100,94100,27,Public,4 Year
36,Montclair State University,20022,New Jersey,NJ,58,41.0,12790,28354,20578,36142,15564.0,700,950,12654,13,1015,1946,4447,38,9632,637,552,8096,5220,6411,3186,82,21.5,6717,50800,95400,9,Public,4 Year
37,Northeastern University,19798,Massachusetts,MA,46,71.0,51387,68267,51387,68267,16880.0,600,1750,9764,10,1753,624,1103,7,8828,597,5463,4094,11901,11160,10221,73,12.9,9563,62500,109700,40,Private,4 Year
38,University of Alabama at Birmingham,18698,Alabama,AL,33,70.0,10710,17110,24630,31030,6400.0,750,2200,11288,46,931,3943,496,14,11840,563,665,5993,1797,6960,4698,96,6.7,16352,48600,87200,17,Public,4 Year
39,Appalachian State University,18026,North Carolina,NC,70,64.0,7214,15518,22021,30325,8304.0,96,2000,9974,44,267,584,702,11,15447,441,216,2049,7313,9940,1035,83,18.3,5854,46600,82700,9,Public,4 Year
40,Saint Louis University,17052,Missouri,MO,67,87.0,43884,56174,43884,56174,12290.0,800,6800,10004,13,1111,1091,567,0,12065,699,973,3481,3294,4576,1140,84,4.6,18367,54200,95300,13,Private,4 Year
41,Webster University,16769,Missouri,MO,48,69.0,27900,38950,27900,38950,11050.0,500,500,9463,75,423,6217,1159,31,7166,314,355,8219,665,1739,1550,68,20.6,6951,46500,83500,2,Private,4 Year
42,University of Miami,16674,Florida,FL,59,76.0,50226,64334,50226,64334,14108.0,630,1985,8521,23,953,1169,3526,22,6776,408,2744,6101,7122,7760,876,82,5.9,17500,56200,99600,22,Private,4 Year
43,University of Rhode Island,16571,Rhode Island,RI,63,80.0,14138,27088,30862,43812,12950.0,500,1250,9077,44,534,803,1288,6,11396,394,558,3069,9643,8894,2456,84,16.6,9158,54500,99700,18,Public,4 Year
44,Baylor University,16263,Texas,TX,72,88.0,45727,58322,45727,58322,12595.0,600,1346,9152,62,939,1129,2146,9,10445,699,684,4984,6075,9919,484,71,18.5,7503,55500,101400,16,Private,4 Year
45,University of North Florida,15984,Florida,FL,47,70.0,6394,16370,20112,30088,9976.0,600,2604,8977,20,674,1553,1481,12,11031,779,370,4519,1800,3876,3588,82,17.8,6104,48800,86600,11,Public,4 Year
46,Loyola University Chicago,15902,Illinois,IL,65,83.0,44048,58528,44048,58528,14480.0,700,2000,10215,15,1449,920,1793,33,9706,721,826,4931,3579,5244,3417,94,6.2,13009,53400,96000,15,Private,4 Year
47,Duke University,15856,North Carolina,NC,97,28.0,55695,70873,55695,70873,15178.0,625,1162,7891,66,2268,1156,797,20,7787,369,2899,4676,13789,6188,53,95,5.0,27206,71100,132100,26,Private,4 Year
48,Fordham University,15231,New York,NY,80,68.0,52687,70656,52687,70656,17969.0,600,1735,8903,18,1164,959,1879,15,8365,420,1902,4455,4200,4740,1646,86,14.4,10864,58700,112500,10,Private,4 Year
49,University of Chicago,15097,Illinois,IL,90,47.0,58230,74580,58230,74580,16350.0,500,1254,6341,35,1923,634,928,6,6440,336,3251,3862,6348,3340,39,99,5.3,36854,64000,114200,22,Private,4 Year
50,Western Washington University,15060,Washington,WA,61,64.0,8132,19598,23544,35010,11466.0,639,2385,8368,65,971,224,1095,28,11200,1164,157,3547,5548,8909,506,83,22.7,7203,55000,99300,16,Public,4 Year
51,University of North Dakota,14906,North Dakota,ND,49,81.0,8695,17669,20759,29733,8974.0,450,1200,7062,253,207,344,420,15,11768,404,996,1643,2777,8334,1435,97,15.9,9424,53800,96000,16,Public,4 Year
52,Lamar University,14895,Texas,TX,26,74.0,10192,19112,22642,31562,8920.0,508,1463,9031,55,478,3532,2070,10,7196,258,1051,6403,2336,5438,4058,48,18.4,5879,53300,101200,16,Public,4 Year
53,University of Southern Mississippi,14792,Mississippi,MS,45,72.0,8734,18591,10734,20591,9857.0,500,500,9344,48,172,4033,457,14,9308,316,375,5040,2850,9260,1387,78,18.7,5917,45100,83900,11,Public,4 Year
54,Emory University,14769,Georgia,GA,96,49.0,51306,65762,51306,65762,14456.0,600,870,8349,26,2281,1474,874,8,6635,338,2357,5001,8506,5544,192,97,5.0,28457,62000,110800,20,Private,4 Year
55,East Tennessee State University,14434,Tennessee,TN,42,82.0,9277,17749,28459,36931,8472.0,600,2200,8369,38,232,860,290,9,11967,341,488,1770,3330,6706,2640,73,14.0,9825,43700,77300,8,Public,4 Year
56,Marshall University,13381,West Virginia,WV,50,87.0,8128,18578,18614,29064,10450.0,700,1560,7833,47,157,738,231,10,10948,268,425,1451,4226,7703,2339,77,16.6,6203,45000,79700,12,Public,4 Year
57,Indiana State University,13183,Indiana,IN,40,84.0,9090,19680,19836,30426,10590.0,600,2500,7260,36,179,2199,395,8,8743,374,998,3191,5659,8596,1949,72,16.6,6996,47900,85600,8,Public,4 Year
58,University of Vermont,12856,Vermont,VT,79,78.0,18276,30738,42516,54978,12462.0,500,990,7144,32,388,166,533,4,10329,331,553,1454,7663,7353,1674,87,9.9,12646,53200,99400,22,Public,4 Year
59,University of Wyoming,12820,Wyoming,WY,45,75.0,5400,15720,17490,27810,10320.0,600,1500,6661,72,171,121,749,33,9506,305,862,1451,2029,7535,1488,91,15.1,8745,52400,98800,25,Public,4 Year
60,Vanderbilt University,12686,Tennessee,TN,83,60.0,49816,66050,49816,66050,16234.0,630,952,6793,35,966,932,810,12,7653,456,1202,3211,7791,5500,90,93,5.8,23850,65400,119100,23,Private,4 Year
61,Carnegie Mellon University,12587,Pennsylvania,PA,74,60.0,55465,69883,55465,69883,14418.0,450,1250,4782,9,2071,402,574,2,3747,334,4820,3392,8728,4265,291,86,9.2,24386,75900,136100,66,Private,4 Year
62,South Dakota State University,12543,South Dakota,SD,67,92.0,8764,16660,12128,20024,7896.0,500,1970,6704,127,140,255,241,13,10780,229,700,1005,2807,7000,1103,62,15.0,5084,50500,91900,18,Public,4 Year
63,Yale University,12336,Connecticut,CT,99,23.0,53430,69430,53430,69430,16000.0,630,2115,6041,49,1581,675,939,5,5906,547,2393,3796,10705,5217,83,96,5.8,40386,70300,138300,22,Private,4 Year
64,University of Notre Dame,12179,Indiana,IN,97,48.0,53391,68801,53391,68801,15410.0,600,1350,5547,21,573,376,1139,5,7791,446,1191,2560,7700,7671,30,96,13.1,13936,67000,130500,28,Private,4 Year
65,Southeast Missouri State University,12087,Missouri,MO,45,82.0,7418,16353,13155,22090,8935.0,200,2150,6927,55,118,1022,189,4,8931,13,1061,1401,2281,6553,1246,75,17.1,5916,43700,79100,9,Public,4 Year
66,University of Northern Colorado,12050,Colorado,CO,40,72.0,9786,20990,21474,32678,11204.0,540,2286,7908,38,188,437,1772,22,7189,377,370,2834,5530,8463,1498,75,21.5,6309,47700,87100,7,Public,4 Year
67,Central Connecticut State University,12037,Connecticut,CT,49,61.0,10616,22792,21856,34032,12176.0,500,985,6035,23,429,1225,1359,11,8159,290,203,3337,4158,6394,3881,69,16.7,4900,53100,93700,15,Public,4 Year
68,Arkansas Tech University,12002,Arkansas,AR,48,100.0,9068,16938,15848,23718,7870.0,450,1000,6689,121,154,919,728,8,9314,309,449,2239,1734,3602,939,57,19.6,4739,45000,76900,7,Public,4 Year
69,University of Northern Iowa,11928,Iowa,IA,77,82.0,8938,17886,19480,28428,8948.0,595,2380,6945,25,108,339,377,7,9967,210,626,1066,4144,10135,1448,78,16.3,6333,47100,85300,8,Public,4 Year
70,University of Denver,11809,Colorado,CO,67,67.0,50556,63561,50556,63561,13005.0,400,1350,6649,52,390,406,1023,14,7958,328,1262,2213,2974,2666,554,84,15.9,11762,55700,105100,12,Private,4 Year
71,Central Washington University,11799,Washington,WA,51,72.0,8072,19187,23053,34168,11115.0,654,1416,6147,65,532,365,1430,137,7327,710,103,3239,2785,6507,898,67,18.1,6413,52700,93200,13,Public,4 Year
72,Marquette University,11745,Wisconsin,WI,77,89.0,41870,54590,41870,54590,12720.0,600,1950,6167,29,527,463,950,11,8355,329,604,2309,5152,7016,804,86,13.5,9982,57800,105900,25,Private,4 Year
73,College of Charleston,11456,South Carolina,SC,51,66.0,12738,24904,31920,44086,12166.0,666,2316,7329,21,181,823,478,13,9221,401,168,1917,4772,6851,1200,73,17.2,4776,47300,85100,20,Public,4 Year
74,University of Dayton,11343,Ohio,OH,93,83.0,42900,56480,42900,56480,13580.0,500,900,5411,9,156,417,310,3,8209,126,1776,1021,6361,5889,665,81,14.8,8894,57400,105000,33,Private,4 Year
75,Massachusetts Institute of Technology,11319,Massachusetts,MA,94,33.0,51832,67342,51832,67342,15510.0,725,1600,4226,18,1832,344,1087,1,3748,415,3302,3697,6411,4481,28,99,10.1,33541,86300,155200,69,Private,4 Year
76,Southern Methodist University,11272,Texas,TX,72,80.0,54493,71338,54493,71338,16845.0,576,1802,5405,31,671,669,1172,15,6812,291,1483,2849,4301,4892,387,74,13.5,12726,59700,110400,22,Private,4 Year
77,Louisiana Tech University,11225,Louisiana,LA,45,89.0,9645,16140,18558,25053,6495.0,618,1656,5481,43,131,1441,123,16,7768,190,573,1944,2397,6720,1822,66,20.0,4546,53100,100700,24,Public,4 Year
78,Murray State University,11207,Kentucky,KY,52,86.0,9084,18274,24540,33730,9190.0,700,940,6571,22,99,776,196,6,8937,171,825,1270,2225,5968,955,72,20.2,5972,44800,79900,9,Public,4 Year
79,University of Rochester,11060,New York,NY,80,63.0,53926,69864,53926,69864,15938.0,500,882,5626,28,915,491,533,5,5315,241,2610,2213,8766,5071,438,93,5.9,26037,61100,112700,32,Private,4 Year
80,Hofstra University,10953,New York,NY,60,79.0,46760,62708,46760,62708,15948.0,1000,1000,6139,31,893,909,1254,78,5914,198,1072,3363,7428,6534,1350,81,13.9,10093,57300,110400,7,Private,4 Year
81,Case Western Reserve University,10771,Ohio,OH,67,81.0,49042,64232,49042,64232,15190.0,525,1460,5380,14,1543,563,444,5,5379,269,2022,2838,3877,3051,513,95,2.9,19733,66600,117800,37,Private,4 Year
82,Villanova University,10735,Pennsylvania,PA,96,72.0,53308,67328,53308,67328,14020.0,400,300,5542,12,666,580,699,9,7869,209,358,2175,7759,6362,1292,89,13.4,10458,65100,119500,23,Private,4 Year
83,University of San Francisco,10689,California,CA,62,75.0,48066,62896,48066,62896,14830.0,750,2450,6724,26,1881,464,1919,69,3492,635,1716,4994,2306,4309,549,86,13.6,10074,60600,109900,6,Private,4 Year
84,New Jersey Institute of Technology,10646,New Jersey,NJ,72,65.0,17338,30938,32750,46350,13600.0,700,1850,2665,6,1901,899,1749,3,2934,267,1803,4825,1879,3311,1646,92,13.5,12529,64600,121300,75,Public,4 Year
85,Western Carolina University,10382,North Carolina,NC,55,78.0,4220,13902,8220,17902,9682.0,110,1622,5846,87,134,669,496,12,8287,320,279,1718,3224,5000,706,67,14.6,6554,44700,77700,8,Public,4 Year
86,Texas Christian University,10033,Texas,TX,64,75.0,46950,59754,46950,59754,12804.0,650,2400,5940,81,277,479,1060,29,7278,55,521,1981,4095,5064,660,81,14.8,9158,56000,98700,9,Private,4 Year
87,Radford University,9798,Virginia,VA,62,86.0,11210,20616,22845,32251,9406.0,500,900,5644,27,143,1101,499,20,7366,435,84,2225,5702,8077,472,73,19.6,4519,48900,82900,10,Public,4 Year
88,Seton Hall University,9627,New Jersey,NJ,64,78.0,42470,58270,42470,58270,15800.0,650,1000,5642,10,688,1098,1364,30,4800,189,407,3379,4576,4384,1530,81,14.4,10080,57100,103800,8,Private,4 Year
89,Loyola Marymount University,9515,California,CA,84,71.0,48522,63012,48522,63012,14490.0,545,1328,5558,18,1054,585,2190,8,4249,616,677,4471,3768,3558,436,84,14.2,11677,58500,113300,9,Private,4 Year
90,University of Wisconsin-Stout,9394,Wisconsin,WI,65,76.0,9457,16381,17423,24347,6924.0,376,1750,4626,28,307,156,220,14,8089,155,351,880,2593,6038,579,78,21.0,6254,50400,89500,14,Public,4 Year
91,Brown University,9181,Rhode Island,RI,97,26.0,55656,70326,55656,70326,14670.0,720,1100,4682,26,1099,550,894,13,3886,376,1539,2958,12586,5643,349,99,7.6,20440,68200,127600,43,Private,4 Year
92,Santa Clara University,9015,California,CA,100,69.0,51711,66621,51711,66621,14910.0,630,1278,4511,10,1416,238,1283,20,3691,461,1213,3428,4019,3891,128,88,13.9,10872,69900,134700,29,Private,4 Year
93,Winona State University,8684,Minnesota,MN,58,62.0,9425,18435,15348,24358,9010.0,300,1200,5431,9,161,199,208,5,7501,176,289,758,3325,5800,872,53,20.2,5318,49700,86800,10,Public,4 Year
94,Mercer University,8552,Georgia,GA,91,73.0,36894,48510,36894,48510,11616.0,400,1500,5302,45,566,2550,330,12,4120,144,341,3647,2286,2943,1260,93,9.2,8995,48500,85100,14,Private,4 Year
95,Barry University,8518,Florida,FL,72,79.0,29850,40950,29850,40950,11100.0,600,1800,5589,28,182,2090,2032,12,1983,87,570,4431,990,1811,3144,76,12.6,9084,47400,84400,12,Private,4 Year
96,University of San Diego,8349,California,CA,66,70.0,49358,62338,49358,62338,12980.0,630,1820,4761,42,641,291,1505,30,4406,408,611,2917,3934,3698,217,93,15.6,10813,58900,109400,12,Private,4 Year
97,Creighton University,8236,Nebraska,NE,85,96.0,39916,50952,39916,50952,11036.0,650,2055,4715,36,742,330,472,25,5961,259,196,1864,2967,3450,644,85,6.5,22906,53500,95800,9,Private,4 Year
98,Princeton University,8088,New Jersey,NJ,99,15.0,49330,65620,49330,65620,16290.0,675,1575,3669,10,1282,474,571,7,3494,281,1692,2625,13218,4540,146,91,8.4,28320,75200,139400,48,Private,4 Year
99,Illinois Institute of Technology,7898,Illinois,IL,56,77.0,47296,60058,47296,60058,12762.0,500,700,2809,12,497,292,600,13,1995,72,3817,1486,1756,1911,626,80,12.3,12851,64600,118500,64,Private,4 Year
100,Wake Forest University,7788,North Carolina,NC,89,42.0,53322,69354,53322,69354,16032.0,500,1250,3992,21,331,647,433,40,5554,166,491,1638,5661,3499,172,95,4.3,41766,60700,114800,13,Private,4 Year
101,Sacred Heart University,7781,Connecticut,CT,82,82.0,41420,56730,41420,56730,15310.0,400,600,5188,14,174,361,497,11,5262,89,354,1146,2307,1707,1889,71,14.8,7120,55000,100500,15,Private,4 Year
102,Gonzaga University,7352,Washington,WA,69,81.0,43210,55154,43210,55154,11944.0,600,2400,4150,57,289,119,561,27,5131,307,441,1360,1886,2523,296,78,14.7,9553,57800,107600,19,Private,4 Year
103,Seattle University,7273,Washington,WA,89,73.0,44610,56898,44610,56898,12288.0,500,1500,4347,41,1011,215,612,43,3491,457,663,2379,2115,2993,347,85,12.2,10175,60600,113700,12,Private,4 Year
104,Belmont University,7244,Tennessee,TN,49,80.0,34310,46430,34310,46430,12120.0,650,900,4478,16,157,318,300,7,5734,231,91,1029,1220,1964,623,61,11.1,7614,47300,80900,3,Private,4 Year
105,Lehigh University,7119,Pennsylvania,PA,91,67.0,52930,66530,52930,66530,13600.0,750,1130,3179,7,479,239,475,1,4309,139,1107,1340,6397,4298,132,96,12.5,14665,69500,134100,52,Private,4 Year
106,Michigan Technological University,7099,Michigan,MI,65,87.0,15646,26402,33726,44482,10756.0,900,1200,1867,33,82,95,117,8,5301,156,1093,491,2618,5524,414,82,17.0,7473,65000,116300,81,Public,4 Year
107,Rensselaer Polytechnic Institute,6835,New York,NY,70,83.0,53880,69140,53880,69140,15260.0,1230,1100,2078,6,629,182,439,3,3913,386,1146,1645,4996,4291,16,94,15.4,15605,71300,134100,78,Private,4 Year
108,University of Hartford,6817,Connecticut,CT,66,80.0,40694,53170,40694,53170,12476.0,500,1440,3500,16,232,865,612,5,3953,146,484,1876,5081,3768,1415,61,10.7,10625,55200,101600,15,Private,4 Year
109,Northwest Missouri State University,6720,Missouri,MO,54,93.0,9805,19821,16457,26473,10016.0,250,1630,3595,20,39,374,182,8,4981,167,708,790,2729,4787,472,62,21.7,5284,46900,85100,26,Public,4 Year
110,Lewis University,6689,Illinois,IL,61,91.0,32450,43028,32450,43028,10578.0,500,1200,4009,8,204,610,1043,14,4301,149,93,2028,1154,2192,1423,36,14.3,7701,49700,89800,14,Private,4 Year
111,University of New England,6429,Maine,ME,64,62.0,37620,51610,37620,51610,13990.0,900,2500,4591,27,301,387,82,15,4210,96,45,908,1209,820,159,72,11.4,9718,50100,91500,7,Private,4 Year
112,Florida Institute of Technology,6393,Florida,FL,57,81.0,41850,54730,41850,54730,12880.0,750,1500,2110,28,174,533,359,17,2406,97,2244,1208,1947,1863,233,90,10.6,8923,58300,105400,48,Private,4 Year
113,Worcester Polytechnic Institute,6381,Massachusetts,MA,82,84.0,50530,65304,50530,65304,14774.0,530,730,1989,5,294,130,394,0,3545,168,1350,991,2768,2802,86,92,15.2,10774,73600,135500,86,Private,4 Year
114,Dartmouth College,6298,New Hampshire,NH,98,26.0,55453,71209,55453,71209,15756.0,550,1100,2967,102,775,341,446,7,2968,245,964,1916,8587,3918,32,95,4.7,29619,71500,130900,35,Private,4 Year
115,La Salle University,6242,Pennsylvania,PA,84,63.0,30560,45640,30560,45640,15080.0,450,3160,4119,16,286,1078,462,7,3520,349,171,2198,2929,2738,1662,90,15.1,9084,55800,104800,5,Private,4 Year
116,Stevens Institute of Technology,6125,New Jersey,NJ,79,71.0,52202,67446,52202,67446,15244.0,450,750,1738,5,436,96,321,0,2163,0,1896,858,1768,1263,11,89,19.0,12837,75100,139900,79,Private,4 Year
117,Emporia State University,6114,Kansas,KS,50,100.0,6758,15670,20675,29587,8912.0,450,1888,3838,29,52,272,339,7,4415,286,551,985,1256,3957,588,72,19.3,5527,43500,78000,9,Public,4 Year
118,Campbell University,6101,North Carolina,NC,63,64.0,32500,43930,32500,43930,11430.0,600,500,3225,40,193,946,343,9,3752,112,121,1643,2087,3191,1204,77,21.8,3739,46300,82400,8,Private,4 Year
119,Harding University,6059,Arkansas,AR,73,62.0,20135,27179,20135,27179,7044.0,700,910,3472,46,86,303,158,1,5012,87,338,681,1721,3128,213,71,17.7,6466,49200,88600,10,Private,4 Year
120,Winthrop University,6024,South Carolina,SC,59,78.0,15590,24902,29846,39158,9312.0,580,2150,4138,23,71,1650,217,7,3688,147,201,2115,2320,3395,670,71,12.8,6729,44300,79700,9,Public,4 Year
121,Ramapo College of New Jersey,6003,New Jersey,NJ,47,46.0,14374,26824,23715,36165,12450.0,600,1655,3359,16,377,319,781,11,3870,70,97,1574,2088,2745,1938,74,17.8,7333,51600,95200,12,Public,4 Year
122,Brandeis University,5945,Massachusetts,MA,84,66.0,55395,70835,55395,70835,15440.0,410,1000,3228,6,582,275,323,3,2643,118,1384,1307,4186,2819,62,90,9.8,17150,60600,113200,29,Private,4 Year
123,University of Scranton,5589,Pennsylvania,PA,92,66.0,44532,59714,44532,59714,15182.0,650,800,3192,6,149,155,388,2,4430,117,131,817,4471,3674,493,83,14.1,9131,56400,99700,12,Private,4 Year
124,University of Indianapolis,5442,Indiana,IN,69,86.0,29688,39976,29688,39976,10288.0,525,1405,3661,8,85,456,191,8,3736,127,424,875,1487,1417,1646,55,11.1,6735,47300,84500,5,Private,4 Year
125,Bradley University,5300,Illinois,IL,85,91.0,33760,44380,33760,44380,10620.0,2000,1522,2673,10,144,245,282,5,3507,69,387,755,3767,4531,643,75,14.4,7671,55600,104900,38,Private,4 Year
126,Rider University,5294,New Jersey,NJ,70,68.0,41310,56010,41310,56010,14700.0,700,3100,3184,8,235,529,528,8,3367,118,219,1426,3586,2748,1309,84,12.3,11299,51600,99000,5,Private,4 Year
127,Eastern Connecticut State University,5287,Connecticut,CT,50,69.0,11356,24916,22596,36156,13560.0,650,500,2798,16,151,346,482,6,3666,137,55,1138,2172,2766,1531,71,16.9,5719,49200,87800,14,Public,4 Year
128,Christopher Newport University,5221,Virginia,VA,48,87.0,14754,26214,27220,38680,11460.0,525,1889,2997,15,125,414,258,5,3940,251,14,1068,883,2910,1749,80,21.2,4639,50800,87200,25,Public,4 Year
129,Fairfield University,5123,Connecticut,CT,94,70.0,48350,63060,48350,63060,14710.0,700,1100,3081,3,113,137,352,5,3577,67,340,677,4784,2984,1037,86,15.1,11220,62300,116900,17,Private,4 Year
130,Drake University,5062,Iowa,IA,77,92.0,41396,51924,41396,51924,10528.0,560,1675,2974,10,200,160,163,1,4110,79,281,613,2799,3322,726,88,15.0,9473,52800,99900,7,Private,4 Year
131,Virginia State University,5025,Virginia,VA,31,81.0,9056,20264,19576,30784,11208.0,500,600,2997,15,23,4283,99,1,147,0,13,4421,2996,3006,338,61,16.0,5733,44900,81800,14,Public,4 Year
132,Mississippi College,4984,Mississippi,MS,61,65.0,18026,28326,18026,28326,10300.0,600,700,2961,26,118,1164,124,5,2842,52,390,1489,594,1695,721,77,16.5,6170,45200,79500,20,Private,4 Year
133,Keene State College,4957,New Hampshire,NH,61,78.0,14212,25238,23176,34202,11026.0,500,1150,2831,14,56,48,156,2,4152,97,2,373,3121,3480,776,73,16.1,6195,48900,83600,8,Public,4 Year
134,University of Detroit Mercy,4945,Michigan,MI,51,79.0,28000,37496,28000,37496,9496.0,600,2166,2951,17,242,504,133,11,2414,117,576,1024,927,2149,2217,72,13.5,10891,51800,92800,13,Private,4 Year
135,Samford University,4933,Alabama,AL,61,83.0,31650,42200,31650,42200,10550.0,569,1650,3082,17,80,372,218,1,4007,50,153,738,1680,2959,402,74,14.7,9533,48400,90500,3,Private,4 Year
136,Widener University,4912,Pennsylvania,PA,63,70.0,45948,60394,45948,60394,14446.0,500,1350,3022,17,173,731,230,6,3285,117,206,1274,2139,2186,2171,88,12.6,9603,55700,100100,13,Private,4 Year
137,Roger Williams University,4884,Rhode Island,RI,61,85.0,34522,50412,34522,50412,15890.0,500,730,2470,42,107,117,238,3,3496,4,243,511,3304,2111,1489,44,16.4,7957,52900,92700,12,Private,4 Year
138,Butler University,4848,Indiana,IN,83,86.0,41120,54950,41120,54950,13830.0,500,1600,2877,8,119,182,146,0,4006,91,139,546,2362,2607,148,77,10.9,9511,51800,99300,9,Private,4 Year
139,University of Tulsa,4682,Oklahoma,OK,47,91.0,41509,52625,41509,52625,11116.0,1200,2350,1990,240,128,183,189,4,2506,68,1225,812,1712,2936,433,94,11.5,11743,58700,107200,36,Private,4 Year
140,Wentworth Institute of Technology,4558,Massachusetts,MA,64,85.0,33950,48140,33950,48140,14190.0,850,920,886,10,285,212,155,0,2792,247,274,909,1480,2961,572,10,15.4,17858,62700,112700,39,Private,4 Year
141,Providence College,4533,Rhode Island,RI,96,65.0,50390,65090,50390,65090,14700.0,450,1100,2533,8,51,189,318,9,3509,77,97,652,5139,3717,1358,66,18.4,8135,58900,106900,11,Private,4 Year
142,Valparaiso University,4507,Indiana,IN,95,83.0,40260,52120,40260,52120,11860.0,500,800,2314,15,87,283,329,1,2930,91,618,806,2075,2501,198,87,14.2,9681,53300,98000,31,Private,4 Year
143,Hamline University,4469,Minnesota,MN,65,82.0,41298,51656,41298,51656,10358.0,450,550,2770,25,180,190,180,5,2255,131,79,711,1006,1362,102,89,13.0,10296,48100,90400,5,Private,4 Year
144,Hampton University,4393,Virginia,VA,70,52.0,26702,38480,26702,38480,11778.0,600,2000,2858,6,71,3921,50,0,283,1,61,4049,7178,4623,740,60,14.0,6791,52700,92600,12,Private,4 Year
145,Seattle Pacific University,4217,Washington,WA,66,86.0,42939,54735,42939,54735,11796.0,600,1250,2853,19,430,152,334,11,2682,292,155,1238,1183,1922,704,83,16.8,10368,53600,103400,9,Private,4 Year
146,University of Richmond,4182,Virginia,VA,100,46.0,52610,64860,52610,64860,12250.0,700,1125,2269,13,215,345,258,2,2560,137,369,970,5892,2854,594,75,11.7,11984,59800,107500,13,Private,4 Year
147,University of Portland,4143,Oregon,OR,72,84.0,45904,59354,45904,59354,13450.0,600,1100,2448,7,404,41,408,63,2594,337,181,1260,1758,2041,174,92,13.2,9060,58500,104900,28,Private,4 Year
148,Stetson University,4137,Florida,FL,73,79.0,46030,59082,46030,59082,13052.0,600,1365,2326,16,94,288,564,1,2751,124,211,1087,1557,1964,81,85,12.5,10307,47000,86000,7,Private,4 Year
149,Saint Xavier University,4073,Illinois,IL,55,82.0,33880,45220,33880,45220,11340.0,600,794,2803,12,112,668,920,2,2073,71,13,1785,785,1670,726,87,13.7,8953,49400,91200,10,Private,4 Year
150,Calvin College,3993,Michigan,MI,81,85.0,34600,44800,34600,44800,10200.0,400,1210,2211,16,173,94,129,0,2978,111,425,523,1784,3401,136,75,14.8,7786,50200,91100,23,Private,4 Year
151,Manhattan College,3970,New York,NY,79,71.0,43480,59680,43480,59680,16200.0,500,1800,1791,7,151,138,701,0,2121,72,135,1069,2432,2578,254,92,13.6,10062,64000,125700,40,Private,4 Year
152,Francis Marion University,3944,South Carolina,SC,43,92.0,11160,19108,21544,29492,7948.0,400,2430,2769,11,47,1778,56,2,1904,38,63,1932,1801,3224,436,76,19.1,5039,42900,77600,18,Public,4 Year
153,Clarkson University,3873,New York,NY,77,90.0,49444,64352,49444,64352,14908.0,700,1300,1184,10,122,77,170,1,2992,73,319,453,2174,2332,53,95,15.8,11659,66400,130100,58,Private,4 Year
154,Fort Lewis College,3791,Colorado,CO,46,82.0,9040,18918,19696,29574,9878.0,500,2500,1846,887,24,31,388,8,2065,227,53,1565,3440,3793,486,89,19.1,4362,48300,82600,19,Public,4 Year
155,Ohio Northern University,3695,Ohio,OH,83,80.0,32260,43910,32260,43910,11650.0,600,825,1889,4,56,113,40,3,2875,105,232,321,2936,2502,66,73,14.5,9979,54400,103900,22,Private,4 Year
156,John Carroll University,3688,Ohio,OH,89,87.0,41340,53214,41340,53214,11874.0,600,450,1870,2,62,186,110,0,3091,77,86,437,2421,3168,392,89,14.5,7738,51600,97300,16,Private,4 Year
157,Norwich University,3672,Vermont,VT,63,93.0,40016,53856,40016,53856,13840.0,500,800,745,14,85,200,249,12,2785,144,41,704,1743,1862,382,71,13.1,9209,57000,99100,20,Private,4 Year
158,Pacific University,3640,Oregon,OR,42,90.0,44298,56826,44298,56826,12528.0,450,1100,2307,24,507,58,288,56,2086,267,137,1200,943,1041,35,76,10.9,11216,50200,94000,8,Private,4 Year
159,Bucknell University,3624,Pennsylvania,PA,93,58.0,56092,69754,56092,69754,13662.0,800,1200,1883,1,126,114,187,0,2836,124,222,552,6548,3316,31,95,14.2,13675,66700,122900,40,Private,4 Year
160,Delta State University,3614,Mississippi,MS,58,98.0,7246,14968,7246,14968,7722.0,500,1200,2244,4,24,1325,45,5,2036,23,111,1426,967,2806,538,49,17.1,5113,40800,74200,5,Public,4 Year
161,Wayne State College,3470,Nebraska,NE,52,100.0,6989,14657,12299,19967,7668.0,540,1660,1990,25,19,95,229,2,2734,55,18,425,1373,2754,474,60,20.3,4550,40600,73400,11,Public,4 Year
162,Hope College,3455,Michigan,MI,72,87.0,34010,44320,34010,44320,10310.0,465,1100,2085,3,54,85,258,0,2861,67,85,467,1712,2505,208,72,12.5,9284,49200,90900,18,Private,4 Year
163,Marymount University,3441,Virginia,VA,55,82.0,31466,44656,31466,44656,13190.0,500,750,2351,17,274,500,451,17,1622,109,316,1368,941,1247,776,77,10.6,8575,52300,93100,15,Private,4 Year
164,Clark University,3423,Massachusetts,MA,79,71.0,45730,54900,45730,54900,9170.0,500,950,1946,3,179,121,169,2,1752,59,847,533,2887,1928,296,94,10.5,11951,52600,101400,14,Private,4 Year
165,Andrews University,3418,Michigan,MI,46,62.0,29288,38366,29288,38366,9078.0,900,1320,1583,10,315,702,458,13,1043,71,727,1569,1130,1586,326,62,11.5,10908,47600,85000,7,Private,4 Year
166,Merrimack College,3337,Massachusetts,MA,80,78.0,41760,57605,41760,57605,15845.0,375,1000,1744,3,45,99,177,0,2137,47,193,371,1981,1927,1084,73,16.8,8707,56000,102500,13,Private,4 Year
167,Pacific Lutheran University,3242,Washington,WA,83,87.0,42066,52856,42066,52856,10790.0,600,1516,2049,28,218,95,249,24,2181,233,162,847,1603,2580,302,78,11.0,9431,54500,98100,20,Private,4 Year
168,Rollins College,3207,Florida,FL,90,65.0,49760,64495,49760,64495,14735.0,955,750,1880,9,95,197,487,2,2026,91,222,881,1777,1668,1052,81,13.3,11561,49000,87000,7,Private,4 Year
169,Tuskegee University,3103,Alabama,AL,65,81.0,22170,31820,22170,31820,9650.0,600,1425,1855,2,26,2345,32,0,52,0,20,2405,2267,2825,144,70,12.2,10872,54500,93500,30,Private,4 Year
170,University of Montevallo,3070,Alabama,AL,51,66.0,12760,22090,25780,35110,9330.0,300,600,2068,18,19,434,93,0,2228,68,39,632,1351,2385,331,72,18.9,5883,38900,70700,7,Public,4 Year
171,North Central College,3043,Illinois,IL,76,78.0,38880,49899,38880,49899,11019.0,450,1800,1676,3,66,118,276,2,2226,79,56,544,1127,1310,766,73,16.4,8871,50400,92900,9,Private,4 Year
172,Smith College,2989,Massachusetts,MA,90,55.0,52404,69924,52404,69924,17520.0,500,1050,2927,5,348,149,276,2,1447,128,388,908,2925,2479,95,85,10.3,21199,52700,98200,26,Private,4 Year
173,Oberlin College,2978,Ohio,OH,83,58.0,55054,71392,55054,71392,16338.0,575,1119,1647,3,124,154,215,2,2071,168,218,666,4778,2587,120,77,10.1,16593,53100,96800,21,Private,4 Year
174,Xavier University of Louisiana,2976,Louisiana,LA,49,91.0,24488,33535,24488,33535,9047.0,617,781,2159,4,384,2088,77,0,211,78,96,2631,2097,2793,166,67,14.4,8323,46700,88200,35,Private,4 Year
175,Baker University,2957,Kansas,KS,65,80.0,29830,38240,29830,38240,8410.0,400,2250,1729,54,43,281,147,11,2194,39,24,575,602,958,466,58,11.0,6136,47800,84200,2,Private,4 Year
176,Carthage College,2948,Wisconsin,WI,62,88.0,43550,55540,43550,55540,11990.0,500,1300,1591,12,33,153,126,7,2178,71,16,402,1616,1405,580,74,15.9,7364,48900,85400,17,Private,4 Year
177,Colgate University,2888,New York,NY,93,51.0,55870,69865,55870,69865,13995.0,500,750,1570,2,103,120,243,3,1942,101,252,572,4856,2649,25,95,10.5,15494,68400,130600,26,Private,4 Year
178,John Brown University,2850,Arkansas,AR,75,67.0,26928,36152,26928,36152,9224.0,400,1350,1654,51,34,108,152,3,2181,103,108,451,605,961,99,68,13.3,8118,47000,82700,9,Private,4 Year
179,University of Puget Sound,2826,Washington,WA,63,70.0,49776,62316,49776,62316,12540.0,630,1800,1667,4,189,29,191,1,2112,248,11,662,4044,2738,138,79,15.0,11217,54200,101300,21,Private,4 Year
180,Morningside College,2823,Iowa,IA,56,91.0,31530,41140,31530,41140,9610.0,500,1000,1931,10,14,29,87,5,2321,29,46,174,586,950,228,48,13.0,8111,44900,82100,6,Private,4 Year
181,Milwaukee School of Engineering,2810,Wisconsin,WI,67,89.0,40749,51138,40749,51138,10389.0,1000,2075,676,6,86,72,125,13,1925,41,342,343,1217,1773,884,35,16.7,7140,65700,117600,69,Private,4 Year
182,College of the Holy Cross,2787,Massachusetts,MA,95,56.0,52770,67290,52770,67290,14520.0,400,900,1366,5,141,110,296,1,1913,98,40,651,2994,2675,22,92,11.3,12138,61800,114600,24,Private,4 Year
183,Lander University,2787,South Carolina,SC,51,87.0,11700,20800,21300,30400,9100.0,528,1702,1920,4,42,858,36,2,1626,55,36,997,1166,2074,341,67,17.0,6119,42600,77100,9,Public,4 Year
184,Willamette University,2780,Oregon,OR,68,80.0,50074,62514,50074,62514,12440.0,400,790,1496,33,189,53,270,9,1626,198,277,752,1658,1595,159,91,13.3,10779,52200,97700,14,Private,4 Year
185,Mississippi University for Women,2696,Mississippi,MS,63,84.0,7040,14464,7040,14464,7424.0,600,1500,2192,6,41,987,20,2,1573,12,55,1068,480,1673,1014,49,15.8,5704,39500,69500,2,Public,4 Year
186,LeTourneau University,2667,Texas,TX,56,87.0,30210,40180,30210,40180,9970.0,600,1400,1373,10,28,278,227,2,1554,99,116,644,477,1532,77,58,20.8,6863,56600,98900,21,Private,4 Year
187,Saint Michael's College,2618,Vermont,VT,84,72.0,45375,57595,45375,57595,12220.0,500,750,1544,5,43,51,98,1,2241,43,123,241,1910,1715,106,79,14.5,10190,52900,98500,18,Private,4 Year
188,Barnard College,2573,New York,NY,91,56.0,55032,72257,55032,72257,17225.0,600,850,2568,1,367,168,286,1,1409,133,192,956,2496,2121,69,83,10.3,12580,59200,109800,19,Private,4 Year
189,University of Evansville,2567,Indiana,IN,77,78.0,36416,48876,36416,48876,12460.0,700,960,1446,4,38,72,71,0,1924,49,325,234,2096,2551,407,60,15.8,7780,50300,89900,17,Private,4 Year
190,University of Dallas,2548,Texas,TX,63,86.0,40652,53052,40652,53052,12400.0,500,1200,1195,8,175,207,386,4,1364,68,293,848,681,1058,73,85,13.4,8731,53000,96400,16,Private,4 Year
191,Lafayette College,2503,Pennsylvania,PA,92,60.0,52880,68520,52880,68520,15640.0,600,1000,1173,3,81,118,166,1,1708,53,196,422,4010,2018,226,93,10.5,15365,66500,122500,47,Private,4 Year
192,Peru State College,2499,Nebraska,NE,44,71.0,7452,15462,7482,15492,8010.0,500,900,1497,15,31,182,130,7,1949,68,0,433,701,959,457,48,20.1,4870,42600,74800,6,Public,4 Year
193,Oklahoma Christian University,2475,Oklahoma,OK,45,99.0,22760,30950,22760,30950,8190.0,500,1900,1143,48,203,308,142,1,1619,153,0,855,776,1419,228,58,16.2,6578,49700,87900,41,Private,4 Year
194,Gustavus Adolphus College,2457,Minnesota,MN,80,81.0,45400,55310,45400,55310,9910.0,400,700,1332,2,97,46,81,1,2074,86,65,313,1709,2281,50,79,12.5,9907,51200,96800,22,Private,4 Year
195,Gettysburg College,2447,Pennsylvania,PA,83,69.0,54480,67490,54480,67490,13010.0,500,500,1284,1,45,87,113,0,1959,70,92,316,3596,1944,46,94,12.1,14720,58400,109300,24,Private,4 Year
196,Muhlenberg College,2440,Pennsylvania,PA,83,73.0,52595,64360,52595,64360,11765.0,600,850,1457,4,64,74,155,0,1839,36,28,333,2519,1656,352,76,12.8,10888,53400,101900,20,Private,4 Year
197,Trinity University,2432,Texas,TX,93,75.0,42976,56440,42976,56440,13464.0,500,490,1292,7,142,99,454,1,1362,108,168,811,2425,2110,95,94,9.6,14703,54900,102900,27,Private,4 Year
198,Luther College,2385,Iowa,IA,77,90.0,42290,51750,42290,51750,9460.0,600,400,1340,8,39,34,80,0,2014,49,146,210,1549,2269,85,73,13.8,8949,48200,85900,21,Private,4 Year
199,Hood College,2365,Maryland,MD,72,81.0,39492,52192,39492,52192,12700.0,450,690,1502,1,78,255,138,0,1569,73,155,545,699,710,399,82,14.4,12434,47900,82600,32,Private,4 Year
200,Dickinson College,2364,Pennsylvania,PA,87,84.0,54661,68359,54661,68359,13698.0,595,1250,1373,1,55,97,142,1,1739,80,203,376,3014,1889,62,87,11.2,13861,55800,100100,25,Private,4 Year
201,Wellesley College,2323,Massachusetts,MA,91,43.0,53732,70200,53732,70200,16468.0,500,700,2262,1,538,128,205,0,932,138,275,1010,2895,2195,156,94,10.6,21409,58900,106200,34,Private,4 Year
202,Spalding University,2311,Kentucky,KY,89,71.0,24500,32100,24500,32100,7600.0,600,900,1698,3,32,425,66,5,1448,57,8,588,283,589,263,50,10.6,6860,44800,79200,0,Private,4 Year
203,Stonehill College,2284,Massachusetts,MA,97,63.0,42746,58746,42746,58746,16000.0,480,800,1353,1,51,99,103,1,1909,41,18,296,3646,2022,926,79,13.0,7495,55900,103200,18,Private,4 Year
204,Denison University,2278,Ohio,OH,81,83.0,51960,64670,51960,64670,12710.0,500,600,1313,1,84,158,229,2,1515,80,165,554,2762,1835,14,88,11.6,12423,54400,104800,22,Private,4 Year
205,DePauw University,2215,Indiana,IN,82,83.0,49704,62724,49704,62724,13020.0,550,950,1201,6,75,126,76,0,1517,144,208,427,1994,1983,36,78,11.1,11525,56600,101000,24,Private,4 Year
206,Berry College,2177,Georgia,GA,63,66.0,36556,49326,36556,49326,12770.0,350,2375,1335,2,26,93,134,3,1806,62,19,320,1858,1620,49,80,16.3,10511,44900,84900,21,Private,4 Year
207,Taylor University,2146,Indiana,IN,98,62.0,34114,43728,34114,43728,9614.0,450,1250,1211,6,63,55,63,7,1836,15,101,209,1769,1757,81,60,14.2,8294,48700,90600,16,Private,4 Year
208,Benedictine College,2138,Kansas,KS,58,98.0,29530,39830,29530,39830,10300.0,350,250,1124,8,26,70,112,7,1690,95,68,318,632,702,501,64,14.1,5922,48700,91800,13,Private,4 Year
209,Spelman College,2135,Georgia,GA,65,33.0,29314,43179,29314,43179,13865.0,660,2400,2135,3,2,1855,7,0,1,58,32,1925,3713,1971,107,73,12.5,9988,50200,85400,24,Private,4 Year
210,Williams College,2126,Massachusetts,MA,99,30.0,55450,69950,55450,69950,14500.0,500,1200,1081,3,223,147,243,0,1173,146,191,762,4186,1988,29,94,9.0,22014,67500,127500,32,Private,4 Year
211,University of Dubuque,2121,Iowa,IA,45,97.0,34110,44040,34110,44040,9930.0,400,1500,931,11,41,226,142,4,1408,60,59,484,576,662,131,85,16.5,8767,44200,79700,7,Private,4 Year
212,Goucher College,2120,Maryland,MD,77,71.0,44300,58806,44300,58806,14506.0,500,1200,1502,5,55,218,137,1,1220,62,25,478,1151,850,80,78,9.2,16623,49400,90600,11,Private,4 Year
213,Drew University,2113,New Jersey,NJ,83,73.0,39500,53608,39500,53608,14108.0,520,660,1247,4,105,249,204,2,1016,52,180,616,2153,1192,87,93,10.2,14907,52800,95000,16,Private,4 Year
214,University of Charleston,2111,West Virginia,WV,57,78.0,30900,40080,30900,40080,9180.0,400,750,1159,19,57,209,54,2,1294,21,133,362,682,771,611,26,2.5,7683,44600,81900,4,Private,4 Year
215,Morehouse College,2109,Georgia,GA,83,45.0,27574,41012,27574,41012,13438.0,250,600,1,1,1,1988,13,0,1,4,66,2007,3708,2852,153,71,17.8,8122,55700,98700,26,Private,4 Year
216,Eckerd College,2083,Florida,FL,59,78.0,44540,57128,44540,57128,12588.0,600,1000,1293,7,35,101,163,4,1596,60,89,370,1422,1363,23,82,12.8,15003,49200,88400,25,Private,4 Year
217,Macalester College,2073,Minnesota,MN,77,51.0,54344,66500,54344,66500,12156.0,500,700,1255,1,146,49,123,1,1361,111,281,431,2939,1723,113,85,11.9,14213,53600,100400,31,Private,4 Year
218,Colorado College,2067,Colorado,CO,84,49.0,55470,67982,55470,67982,12512.0,450,1200,1110,9,94,48,184,0,1354,173,143,508,3207,1892,7,85,11.3,14664,53100,97900,23,Private,4 Year
219,Carleton College,2057,Minnesota,MN,91,59.0,54759,68844,54759,68844,14085.0,550,550,1086,3,184,79,130,2,1333,93,197,491,2694,1870,12,81,10.4,17960,58800,109900,45,Private,4 Year
220,Rhodes College,2054,Tennessee,TN,77,80.0,47890,59293,47890,59293,11403.0,550,1500,1189,6,133,128,73,0,1547,62,59,402,2302,1345,59,90,10.8,13388,51900,97800,25,Private,4 Year
221,Roanoke College,2050,Virginia,VA,72,80.0,44030,57720,44030,57720,13690.0,450,1200,1223,7,30,110,76,2,1681,85,59,310,2227,1460,239,85,13.0,9405,48500,85100,18,Private,4 Year
222,Oklahoma Baptist University,1979,Oklahoma,OK,50,90.0,28258,35608,28258,35608,7350.0,515,1290,1164,107,17,118,45,5,1390,159,74,451,758,1707,705,63,15.1,5511,43900,76600,8,Private,4 Year
223,Saint Anselm College,1968,New Hampshire,NH,97,74.0,41200,55700,41200,55700,14500.0,450,1120,1186,3,12,36,57,2,1570,34,12,144,2095,1873,94,70,14.5,6719,56400,100300,11,Private,4 Year
224,Wittenberg University,1964,Ohio,OH,78,88.0,39500,49856,39500,49856,10356.0,400,800,1118,3,24,127,62,1,1576,95,47,312,1979,1980,144,82,12.8,10414,52400,105400,22,Private,4 Year
225,University of Maine at Farmington,1960,Maine,ME,59,66.0,9666,19392,19778,29504,9726.0,450,1647,1311,13,14,35,26,2,1645,40,14,130,1208,1906,344,67,15.9,5712,41100,71700,5,Public,4 Year
226,Connecticut College,1900,Connecticut,CT,91,51.0,54820,69970,54820,69970,15150.0,600,500,1174,0,67,62,163,0,1363,52,102,344,3035,1630,232,86,10.7,14773,57500,100800,30,Private,4 Year
227,Illinois Wesleyan University,1893,Illinois,IL,83,44.0,47636,58620,47636,58620,10984.0,400,650,1066,5,82,87,128,1,1337,43,155,346,3050,1818,23,77,12.9,9605,53100,96000,18,Private,4 Year
228,North Carolina Wesleyan College,1872,North Carolina,NC,52,85.0,31000,41800,31000,41800,10800.0,600,1295,1089,18,11,895,38,0,563,32,76,994,812,646,84,77,12.7,10090,45300,78800,8,Private,4 Year
229,Freed-Hardeman University,1867,Tennessee,TN,62,61.0,21950,30210,21950,30210,8260.0,600,1600,1091,4,10,230,38,0,1313,28,33,310,895,1174,50,68,16.1,6078,43700,78200,9,Private,4 Year
230,Colby College,1847,Maine,ME,91,46.0,55210,69400,55210,69400,14190.0,500,1000,978,3,103,56,113,0,1110,98,196,373,2848,1720,35,83,10.2,15954,59200,103300,25,Private,4 Year
231,Bowdoin College,1805,Maine,ME,96,30.0,53922,68620,53922,68620,14698.0,1495,875,903,2,114,88,229,0,1147,117,98,550,3356,1490,8,93,11.2,20447,61300,112000,37,Private,4 Year
232,Amherst College,1792,Massachusetts,MA,100,23.0,56426,71166,56426,71166,14740.0,660,1598,865,6,234,222,235,1,751,81,172,779,4302,1593,5,93,8.4,21424,63800,116500,32,Private,4 Year
233,Davidson College,1770,North Carolina,NC,94,40.0,51447,65819,51447,65819,14372.0,600,1011,895,11,102,114,117,0,1220,71,104,415,2373,1601,6,95,12.0,17581,57300,106900,28,Private,4 Year
234,Ohio Wesleyan University,1734,Ohio,OH,75,78.0,45760,58190,45760,58190,12430.0,550,550,927,1,40,116,72,0,1255,79,125,308,2190,1780,48,93,12.1,12011,51300,99200,21,Private,4 Year
235,Grinnell College,1734,Iowa,IA,83,68.0,52392,65202,52392,65202,12810.0,400,400,947,3,128,100,134,0,1004,74,228,439,2039,1333,30,88,9.5,18979,53400,96500,41,Private,4 Year
236,Christian Brothers University,1667,Tennessee,TN,63,59.0,32820,40220,32820,40220,7400.0,600,900,936,5,84,522,99,1,795,39,49,750,880,1068,364,81,11.1,8129,51500,96500,14,Private,4 Year
237,Kenyon College,1662,Ohio,OH,88,70.0,55930,68440,55930,68440,12510.0,750,480,908,9,87,58,100,0,1223,59,76,313,2212,1445,1,95,11.1,14067,55000,103800,17,Private,4 Year
238,Wartburg College,1661,Iowa,IA,67,87.0,41280,51276,41280,51276,9996.0,400,850,870,1,20,80,42,1,1290,36,162,180,1231,1295,105,66,12.4,7735,49300,88000,34,Private,4 Year
239,Wofford College,1658,South Carolina,SC,75,62.0,43845,56530,43845,56530,12685.0,605,1440,852,3,47,125,54,3,1326,53,39,285,1501,1059,34,91,15.3,7875,51300,96600,28,Private,4 Year
240,Lake Forest College,1626,Illinois,IL,77,65.0,47064,57454,47064,57454,10390.0,920,1320,934,4,81,108,243,0,941,57,148,493,979,968,20,91,10.7,15687,55400,102600,21,Private,4 Year
241,University of Mobile,1600,Alabama,AL,52,73.0,22820,32420,22820,32420,9600.0,550,1200,1062,26,10,380,23,0,1001,34,53,473,452,1417,301,59,16.6,5412,40600,74100,7,Private,4 Year
242,Loras College,1569,Iowa,IA,70,78.0,34184,42459,34184,42459,8275.0,500,1200,752,1,13,39,89,2,1305,22,28,166,1641,1663,170,61,14.2,7578,48000,90100,14,Private,4 Year
243,Belmont Abbey College,1560,North Carolina,NC,52,78.0,18500,28855,18500,28855,10355.0,300,2480,890,4,15,391,23,0,631,5,21,438,632,709,131,78,13.2,7550,46700,82900,7,Private,4 Year
244,Albertus Magnus College,1550,Connecticut,CT,63,96.0,32060,45260,32060,45260,13200.0,500,1500,1031,6,7,515,217,2,647,20,11,767,353,416,230,90,11.5,8861,49700,85900,2,Private,4 Year
245,Lawrence University,1511,Wisconsin,WI,77,76.0,47475,57816,47475,57816,10341.0,525,975,823,8,60,51,100,0,1068,59,158,278,1243,1129,74,76,10.1,13965,51500,98800,25,Private,4 Year
246,West Virginia Wesleyan College,1511,West Virginia,WV,67,89.0,31640,40496,31640,40496,8856.0,450,1100,847,5,3,122,27,3,1205,43,72,203,1566,1509,170,58,16.4,8080,47000,85200,21,Private,4 Year
247,Ouachita Baptist University,1501,Arkansas,AR,65,85.0,26790,34670,26790,34670,7880.0,500,1500,769,11,13,129,58,1,1251,0,37,212,910,1310,61,63,13.3,6413,44100,80200,18,Private,4 Year
248,Marietta College,1500,Ohio,OH,96,60.0,36040,47360,36040,47360,11320.0,470,810,643,2,20,69,38,0,1097,32,158,161,1611,1089,210,80,13.2,10223,51200,94300,45,Private,4 Year
249,Whitman College,1498,Washington,WA,72,54.0,51764,64938,51764,64938,13174.0,750,800,843,5,80,14,117,0,1090,85,58,301,1861,1220,46,80,10.5,13198,54600,102600,33,Private,4 Year
250,Dickinson State University,1479,North Dakota,ND,46,95.0,6765,13663,9544,16442,6898.0,600,2000,888,14,9,60,66,4,1167,38,80,191,434,1376,237,50,16.5,4525,46400,81200,8,Public,4 Year
251,Presbyterian College,1460,South Carolina,SC,85,77.0,38660,49140,38660,49140,10480.0,554,1429,845,4,45,199,28,1,1080,23,70,300,1082,1133,30,80,13.4,8354,48800,89900,14,Private,4 Year
252,Dordt College,1459,Iowa,IA,87,93.0,30870,40460,30870,40460,9590.0,450,2800,672,3,13,22,12,103,1056,0,122,153,604,1048,56,61,12.5,7325,51000,89600,17,Private,4 Year
253,Ferrum College,1451,Virginia,VA,22,83.0,34175,45675,34175,45675,11500.0,500,1600,685,6,8,436,77,3,795,69,14,599,1339,1051,82,53,12.5,7967,43000,80600,6,Private,4 Year
254,Carroll College,1440,Montana,MT,79,85.0,35486,45366,35486,45366,9880.0,480,930,839,18,21,11,71,4,1133,23,23,148,1160,1357,737,74,17.8,7666,48200,91400,25,Private,4 Year
255,Coe College,1436,Iowa,IA,67,74.0,45000,54480,45000,54480,9480.0,500,2200,805,3,33,71,109,1,1049,45,64,262,1006,1127,205,73,12.7,10141,47200,86900,24,Private,4 Year
256,Lyndon State College,1430,Vermont,VT,51,94.0,12074,22672,25394,35992,10598.0,500,600,613,13,11,49,48,1,1201,28,11,150,535,959,150,48,12.6,7114,41500,75100,8,Public,4 Year
257,Central College,1411,Iowa,IA,67,87.0,37295,47575,37295,47575,10280.0,650,600,736,5,15,26,44,2,1244,14,18,106,1283,1355,40,76,13.5,8444,49000,88800,36,Private,4 Year
258,Knox College,1399,Illinois,IL,79,81.0,46554,56424,46554,56424,9870.0,400,800,813,3,77,110,175,0,743,56,179,421,1040,967,24,88,12.7,13224,50600,95400,24,Private,4 Year
259,Alma College,1396,Michigan,MI,68,85.0,40258,51256,40258,51256,10998.0,400,400,764,9,21,46,51,1,1162,36,14,164,1267,1306,28,79,15.3,9305,48400,89900,15,Private,4 Year
260,Reed College,1394,Oregon,OR,68,73.0,56340,70550,56340,70550,14210.0,500,450,745,4,80,26,146,3,813,113,115,372,1966,1199,61,90,11.8,15886,56100,104900,26,Private,4 Year
261,Converse College,1389,South Carolina,SC,75,92.0,18690,29620,18690,29620,10930.0,500,900,1273,0,4,100,56,0,672,38,17,198,440,643,80,63,10.2,10965,39000,71000,8,Private,4 Year
262,Centre College,1387,Kentucky,KY,74,88.0,41700,52180,41700,52180,10480.0,600,900,718,0,46,64,32,2,1109,42,86,186,1013,943,7,95,11.4,13118,49500,88500,22,Private,4 Year
263,Valley City State University,1378,North Dakota,ND,40,93.0,7626,14072,17166,23612,6446.0,600,2000,817,12,7,43,58,2,1156,37,45,159,368,863,189,39,14.9,4958,39900,68600,3,Public,4 Year
264,Hendrix College,1358,Arkansas,AR,63,88.0,45790,58074,45790,58074,12284.0,500,1200,746,22,77,65,65,1,1037,9,76,239,823,954,6,82,13.1,8588,48100,90300,33,Private,4 Year
265,Claremont McKenna College,1324,California,CA,87,41.0,54405,71110,54405,71110,16705.0,500,850,630,1,142,54,154,1,559,101,225,453,1860,887,1,99,9.6,18443,68500,125400,16,Private,4 Year
266,Beloit College,1303,Wisconsin,WI,69,70.0,50040,58870,50040,58870,8830.0,355,715,757,5,32,60,109,3,909,22,130,231,1320,1085,81,87,11.1,12957,47400,85700,24,Private,4 Year
267,Catawba College,1300,North Carolina,NC,55,81.0,30520,41008,30520,41008,10488.0,600,1860,691,12,15,265,48,0,895,28,34,368,1083,915,80,75,13.5,8425,42500,78100,11,Private,4 Year
268,Albion College,1268,Michigan,MI,73,91.0,45775,58155,45775,58155,12380.0,450,850,631,3,23,47,46,1,999,33,37,153,1899,1594,32,89,13.7,11487,52100,99300,23,Private,4 Year
269,Georgetown College,1262,Kentucky,KY,55,95.0,38650,48430,38650,48430,9780.0,550,550,752,3,11,105,38,0,1026,34,18,191,727,1063,48,73,13.3,7508,45000,81900,10,Private,4 Year
270,Louisiana College,1256,Louisiana,LA,59,52.0,17000,22618,17000,22618,5618.0,500,1655,669,10,12,280,40,1,780,12,70,355,2013,912,158,64,10.5,7547,44800,79800,4,Private,4 Year
271,Mount Marty College,1236,South Dakota,SD,44,99.0,27276,35262,27276,35262,7986.0,500,500,727,29,13,34,64,5,1089,0,0,145,279,600,435,45,11.7,5073,41400,76500,5,Private,4 Year
272,Maryville College,1213,Tennessee,TN,51,61.0,34880,46304,34880,46304,11424.0,500,1642,656,9,14,135,34,2,951,32,30,226,1464,624,128,80,11.1,8317,42800,75300,16,Private,4 Year
273,Hastings College,1212,Nebraska,NE,52,87.0,30050,39750,30050,39750,9700.0,500,1902,591,6,16,41,67,4,1010,33,22,167,817,935,37,57,13.0,7335,48600,87100,14,Private,4 Year
274,Dillard University,1200,Louisiana,LA,61,69.0,18099,28199,18099,28199,10100.0,500,2307,871,0,0,1108,6,0,4,9,26,1123,1998,1539,45,52,14.1,7566,44700,79800,20,Private,4 Year
275,Wisconsin Lutheran College,1179,Wisconsin,WI,50,84.0,29725,39915,29725,39915,10190.0,500,1400,654,7,13,63,56,1,974,26,22,166,152,282,22,48,8.5,8960,46200,82500,10,Private,4 Year
276,Milligan College,1164,Tennessee,TN,64,76.0,33700,40800,33700,40800,7100.0,550,1000,760,3,15,46,52,2,987,19,32,137,610,685,49,63,12.0,8128,41200,74900,5,Private,4 Year
277,Huntingdon College,1160,Alabama,AL,44,86.0,27400,37150,27400,37150,9750.0,500,1100,572,14,9,229,29,2,738,30,8,313,608,538,126,63,11.4,7703,42400,78900,14,Private,4 Year
278,Hanover College,1145,Indiana,IN,64,83.0,37670,49250,37670,49250,11580.0,500,1200,663,7,16,55,26,0,928,21,63,125,1006,1024,15,84,10.6,9248,47500,85100,24,Private,4 Year
279,University of Maine at Presque Isle,1138,Maine,ME,35,83.0,8035,16441,12235,20641,8406.0,400,1675,731,28,4,12,13,0,850,28,70,85,461,974,503,67,15.2,6408,39000,70700,6,Public,4 Year
280,Oglethorpe University,1094,Georgia,GA,67,82.0,38100,51300,38100,51300,13200.0,600,4110,638,3,43,202,113,0,368,29,66,390,792,769,377,91,13.1,8568,52400,91400,12,Private,4 Year
281,Newberry College,1093,South Carolina,SC,83,83.0,26424,37090,26424,37090,10666.0,500,1500,518,4,7,283,48,1,651,32,41,375,872,601,36,57,11.4,5788,41200,74700,14,Private,4 Year
282,Cornell College,1086,Iowa,IA,64,86.0,42299,51683,42299,51683,9384.0,550,800,577,4,26,55,140,3,720,46,48,274,1538,1140,10,71,12.2,10340,49600,90600,22,Private,4 Year
283,Mayville State University,1081,North Dakota,ND,51,100.0,6666,14506,9399,17239,7840.0,600,1900,610,19,2,70,51,5,867,32,29,179,233,658,58,68,15.7,6971,43700,81300,10,Public,4 Year
284,William Jewell College,1060,Missouri,MO,59,83.0,34400,44330,34400,44330,9930.0,500,2600,636,4,10,59,36,2,818,60,46,171,663,1279,75,74,11.2,7885,51400,94500,12,Private,4 Year
285,Transylvania University,1014,Kentucky,KY,70,96.0,38750,49210,38750,49210,10460.0,500,1000,592,1,20,31,46,1,814,30,36,129,759,867,51,81,12.1,10219,47900,85600,25,Private,4 Year
286,Rocky Mountain College,1007,Montana,MT,68,70.0,28512,36842,28512,36842,8330.0,600,625,487,21,10,32,18,5,784,67,47,153,560,743,118,56,11.3,6422,46000,82900,12,Private,4 Year
287,Wabash College,926,Indiana,IN,72,78.0,43450,53500,43450,53500,10050.0,500,635,0,5,12,55,59,1,691,27,66,159,800,801,5,78,9.9,14904,62200,114400,34,Private,4 Year
288,Agnes Scott College,873,Georgia,GA,59,84.0,41160,53490,41160,53490,12330.0,450,875,867,1,41,288,78,2,284,52,104,462,417,510,63,92,7.7,19016,46000,83600,26,Private,4 Year
289,Stephens College,862,Missouri,MO,59,90.0,30950,41582,30950,41582,10632.0,450,2150,831,3,12,117,31,4,624,48,2,215,450,614,388,46,10.9,9995,42800,77200,6,Private,4 Year
290,Millsaps College,842,Mississippi,MS,58,92.0,39910,53640,39910,53640,13730.0,550,1350,413,6,35,89,18,0,629,6,31,154,905,1073,179,82,12.7,11218,49300,88700,24,Private,4 Year
291,Ripon College,840,Wisconsin,WI,64,85.0,43808,52208,43808,52208,8400.0,350,650,448,2,12,19,40,0,703,15,30,88,587,735,28,87,9.4,12472,46300,89600,26,Private,4 Year
292,Green Mountain College,833,Vermont,VT,76,81.0,37002,48724,37002,48724,11722.0,400,850,477,8,7,34,28,0,511,9,18,86,780,545,42,77,14.0,6475,42000,75200,2,Private,4 Year
293,University of Maine at Machias,810,Maine,ME,64,84.0,7840,16326,15100,23586,8486.0,600,400,547,22,5,26,24,0,571,10,10,87,441,633,317,46,15.1,5935,37100,66200,13,Public,4 Year
294,Harvey Mudd College,804,California,CA,100,42.0,56876,75003,56876,75003,18127.0,700,900,373,4,167,13,80,0,352,50,102,314,1377,654,5,100,8.2,21569,88800,158200,85,Private,4 Year
295,Tabor College,766,Kansas,KS,53,71.0,28245,38095,28245,38095,9850.0,400,1500,379,3,5,64,83,2,524,25,12,182,257,396,38,55,10.0,7233,43300,77500,7,Private,4 Year
296,Bennington College,755,Vermont,VT,55,63.0,54360,69970,54360,69970,15610.0,600,500,508,13,25,10,38,1,517,23,83,110,519,457,2,35,10.1,16364,48800,90000,5,Private,4 Year
297,Erskine College,753,South Carolina,SC,67,85.0,34560,45460,34560,45460,10900.0,475,1246,328,3,6,125,22,0,458,0,0,156,659,532,35,76,13.5,7527,43500,78000,28,Private,4 Year
298,Kansas Wesleyan University,710,Kansas,KS,68,98.0,29500,39000,29500,39000,9500.0,500,1400,384,4,8,43,89,2,515,14,25,160,589,474,258,63,12.4,6535,44700,79400,10,Private,4 Year
299,Kentucky Wesleyan College,709,Kentucky,KY,62,85.0,26440,36204,26440,36204,9764.0,500,1300,326,1,3,102,12,0,483,0,5,118,584,662,121,57,11.3,7058,42100,76800,14,Private,4 Year
300,McPherson College,659,Kansas,KS,48,70.0,28951,37739,28951,37739,8788.0,600,2740,264,2,4,82,74,4,456,18,16,184,420,336,80,54,9.8,9754,44500,80900,9,Private,4 Year
301,Centenary College of Louisiana,619,Louisiana,LA,66,88.0,36580,49980,36580,49980,13400.0,600,1900,350,6,21,88,35,1,435,22,11,173,495,775,44,86,11.3,9685,47000,88400,26,Private,4 Year
302,Alaska Pacific University,579,Alaska,AK,15,76.0,20830,28130,20830,28130,7300.0,800,1500,384,87,10,13,15,4,321,41,0,170,193,249,869,76,11.9,10922,50300,90000,6,Private,4 Year
